name,email,phone,company,position,value,stage,tags,notes
John Smith,john.smith@techcorp.com,+1 555-123-4567,TechCorp Inc,CEO,50000,lead,enterprise,hot lead from conference
Sarah Johnson,sarah.j@startup.io,+1 555-234-5678,StartupIO,CTO,25000,contacted,tech,saas,interested in premium plan
Michael Brown,michael@enterprise.co,+1 555-345-6789,Enterprise Co,CFO,100000,qualified,enterprise,finance,big deal potential
Emily Davis,emily@agency.com,+1 555-456-7890,Creative Agency,Director,15000,lead,creative,referral,referred by John
David Wilson,david@retail.store,+1 555-567-8901,Retail Store,Owner,8000,contacted,retail,small-business,looking for CRM
Jessica Martinez,jessica@healthcare.org,+1 555-678-9012,Healthcare Org,VP Sales,75000,proposal,healthcare,b2b,demo scheduled
Robert Taylor,robert@finance.group,+1 555-789-0123,Finance Group,Manager,45000,lead,finance,enterprise,
Amanda Lee,amanda@edtech.com,+1 555-890-1234,EdTech Solutions,Head of Ops,32000,contacted,education,saas,
Christopher Anderson,chris@logistics.net,+1 555-901-2345,Logistics Net,CEO,60000,qualified,logistics,hot,
Jennifer Thomas,jennifer@consulting.biz,+1 555-012-3456,Consulting Biz,Partner,20000,lead,consulting,referral,
